occurrence_date,neighbourhood,homicide_type,day_of_week,occurrence_year
2004-01-06,126,stabbing,Tue,2004
2004-01-15,87,stabbing,Thu,2004
2004-01-18,132,other,Sun,2004
2004-01-30,49,other,Fri,2004
2004-02-04,48,other,Wed,2004
2004-02-10,70,other,Tue,2004
2004-02-14,149,stabbing,Sat,2004
2004-02-15,82,shooting,Sun,2004
2004-02-20,46,stabbing,Fri,2004
2004-02-23,58,other,Mon,2004
2004-02-26,121,stabbing,Thu,2004
2004-03-02,129,stabbing,Tue,2004
2004-03-14,133,stabbing,Sun,2004
2004-03-20,55,stabbing,Sat,2004
2004-03-25,15,other,Thu,2004
2004-03-30,111,other,Tue,2004
2004-03-31,142,stabbing,Wed,2004
2004-04-05,108,stabbing,Mon,2004
2004-04-07,133,stabbing,Wed,2004
2004-04-19,77,stabbing,Mon,2004
2004-04-22,24,shooting,Thu,2004
2004-04-25,100,shooting,Sun,2004
2004-05-06,65,shooting,Thu,2004
2004-05-07,141,shooting,Fri,2004
2004-05-08,6,other,Sat,2004
2004-05-22,20,stabbing,Sat,2004
2004-05-23,101,shooting,Sun,2004
2004-05-27,13,shooting,Thu,2004
2004-06-03,40,shooting,Thu,2004
2004-06-20,125,shooting,Sun,2004
2004-07-17,41,stabbing,Sat,2004
2004-07-27,50,shooting,Tue,2004
2004-07-28,13,shooting,Wed,2004
2004-08-02,135,shooting,Mon,2004
2004-08-12,16,stabbing,Thu,2004
2004-08-21,42,other,Sat,2004
2004-08-24,72,other,Tue,2004
2004-08-26,105,other,Thu,2004
2004-08-30,110,stabbing,Mon,2004
2004-09-13,36,stabbing,Mon,2004
2004-09-25,126,stabbing,Sat,2004
2004-09-28,94,other,Tue,2004
2004-09-29,149,stabbing,Wed,2004
2004-09-30,156,shooting,Thu,2004
2004-10-05,90,stabbing,Tue,2004
2004-10-08,108,stabbing,Fri,2004
2004-10-11,158,other,Mon,2004
2004-10-13,119,other,Wed,2004
2004-10-15,112,other,Fri,2004
2004-10-18,7,stabbing,Mon,2004
2004-10-19,68,other,Tue,2004
2004-10-24,65,shooting,Sun,2004
2004-10-25,6,shooting,Mon,2004
2004-10-28,35,stabbing,Thu,2004
2004-11-02,77,shooting,Tue,2004
2004-11-03,95,stabbing,Wed,2004
2004-11-09,112,shooting,Tue,2004
2004-11-18,40,shooting,Thu,2004
2004-11-20,35,shooting,Sat,2004
2004-11-21,145,stabbing,Sun,2004
2004-11-23,79,stabbing,Tue,2004
2004-12-07,39,stabbing,Tue,2004
2004-12-16,88,other,Thu,2004
2004-12-19,103,stabbing,Sun,2004
2004-12-26,1,other,Sun,2004
2004-12-27,49,stabbing,Mon,2004
2005-01-01,8,other,Sat,2005
2005-01-02,80,stabbing,Sun,2005
2005-01-21,142,shooting,Fri,2005
2005-01-23,153,stabbing,Sun,2005
2005-01-29,135,other,Sat,2005
2005-02-01,35,other,Tue,2005
2005-02-02,98,shooting,Wed,2005
2005-02-05,8,other,Sat,2005
2005-02-11,155,shooting,Fri,2005
2005-02-19,15,stabbing,Sat,2005
2005-02-23,13,other,Wed,2005
2005-03-04,16,stabbing,Fri,2005
2005-03-12,140,stabbing,Sat,2005
2005-03-14,53,stabbing,Mon,2005
2005-03-15,145,stabbing,Tue,2005
2005-03-19,129,other,Sat,2005
2005-03-23,3,stabbing,Wed,2005
2005-03-29,146,other,Tue,2005
2005-04-03,128,shooting,Sun,2005
2005-04-04,151,shooting,Mon,2005
2005-04-08,42,other,Fri,2005
2005-04-15,117,other,Fri,2005
2005-04-22,157,stabbing,Fri,2005
2005-04-30,107,shooting,Sat,2005
2005-05-01,138,stabbing,Sun,2005
2005-05-06,23,stabbing,Fri,2005
2005-05-09,37,other,Mon,2005
2005-05-12,65,shooting,Thu,2005
2005-05-18,95,stabbing,Wed,2005
2005-05-20,89,other,Fri,2005
2005-05-26,84,stabbing,Thu,2005
2005-05-30,126,shooting,Mon,2005
2005-06-02,38,other,Thu,2005
2005-06-07,81,other,Tue,2005
2005-06-11,125,stabbing,Sat,2005
2005-06-18,143,other,Sat,2005
2005-06-25,98,other,Sat,2005
2005-06-30,64,shooting,Thu,2005
2005-07-13,143,stabbing,Wed,2005
2005-07-14,61,shooting,Thu,2005
2005-07-31,64,other,Sun,2005
2005-08-08,63,other,Mon,2005
2005-08-14,56,shooting,Sun,2005
2005-08-16,125,stabbing,Tue,2005
2005-08-17,34,stabbing,Wed,2005
2005-08-22,8,other,Mon,2005
2005-08-27,24,shooting,Sat,2005
2005-08-29,69,other,Mon,2005
2005-09-03,14,shooting,Sat,2005
2005-09-04,140,stabbing,Sun,2005
2005-09-11,21,other,Sun,2005
2005-09-16,146,shooting,Fri,2005
2005-09-26,142,other,Mon,2005
2005-10-06,155,other,Thu,2005
2005-10-09,112,other,Sun,2005
2005-10-19,127,other,Wed,2005
2005-10-24,16,shooting,Mon,2005
2005-10-27,116,other,Thu,2005
2005-10-29,24,shooting,Sat,2005
2005-10-31,135,shooting,Mon,2005
2005-11-01,98,other,Tue,2005
2005-11-03,118,stabbing,Thu,2005
2005-11-18,36,other,Fri,2005
2005-11-21,49,other,Mon,2005
2005-11-24,127,stabbing,Thu,2005
2005-11-27,100,shooting,Sun,2005
2005-11-28,56,shooting,Mon,2005
2005-12-03,60,shooting,Sat,2005
2005-12-09,53,shooting,Fri,2005
2005-12-17,121,stabbing,Sat,2005
2005-12-18,69,other,Sun,2005
2005-12-20,10,other,Tue,2005
2005-12-30,47,stabbing,Fri,2005
2006-01-04,7,other,Wed,2006
2006-01-09,111,shooting,Mon,2006
2006-01-11,65,stabbing,Wed,2006
2006-01-12,58,shooting,Thu,2006
2006-01-17,131,stabbing,Tue,2006
2006-01-22,62,other,Sun,2006
2006-01-23,36,other,Mon,2006
2006-01-28,122,shooting,Sat,2006
2006-02-04,38,stabbing,Sat,2006
2006-02-05,85,stabbing,Sun,2006
2006-02-13,92,stabbing,Mon,2006
2006-02-21,139,shooting,Tue,2006
2006-02-26,2,stabbing,Sun,2006
2006-03-07,55,other,Tue,2006
2006-03-13,122,shooting,Mon,2006
2006-03-14,26,stabbing,Tue,2006
2006-03-21,110,shooting,Tue,2006
2006-03-26,27,stabbing,Sun,2006
2006-03-28,90,stabbing,Tue,2006
2006-04-05,85,other,Wed,2006
2006-04-07,139,stabbing,Fri,2006
2006-04-10,99,other,Mon,2006
2006-04-19,112,shooting,Wed,2006
2006-04-23,122,stabbing,Sun,2006
2006-04-27,66,shooting,Thu,2006
2006-04-29,120,shooting,Sat,2006
2006-05-07,116,stabbing,Sun,2006
2006-05-08,92,other,Mon,2006
2006-05-11,144,stabbing,Thu,2006
2006-05-16,143,stabbing,Tue,2006
2006-05-17,105,stabbing,Wed,2006
2006-05-20,111,stabbing,Sat,2006
2006-05-21,46,shooting,Sun,2006
2006-05-26,87,other,Fri,2006
2006-05-30,87,other,Tue,2006
2006-06-02,55,shooting,Fri,2006
2006-06-15,50,stabbing,Thu,2006
2006-06-17,148,shooting,Sat,2006
2006-06-28,39,shooting,Wed,2006
2006-06-29,23,other,Thu,2006
2006-06-30,54,other,Fri,2006
2006-07-10,52,stabbing,Mon,2006
2006-07-17,145,shooting,Mon,2006
2006-07-24,113,stabbing,Mon,2006
2006-07-28,4,stabbing,Fri,2006
2006-08-02,58,shooting,Wed,2006
2006-08-03,125,other,Thu,2006
2006-08-09,143,other,Wed,2006
2006-08-11,156,stabbing,Fri,2006
2006-08-15,80,stabbing,Tue,2006
2006-08-21,124,shooting,Mon,2006
2006-08-25,58,shooting,Fri,2006
2006-08-29,147,shooting,Tue,2006
2006-09-04,109,shooting,Mon,2006
2006-09-13,123,other,Wed,2006
2006-09-14,63,stabbing,Thu,2006
2006-09-15,132,shooting,Fri,2006
2006-09-17,34,shooting,Sun,2006
2006-09-26,88,shooting,Tue,2006
2006-09-29,139,other,Fri,2006
2006-10-05,18,stabbing,Thu,2006
2006-10-09,122,shooting,Mon,2006
2006-10-11,146,shooting,Wed,2006
2006-10-30,38,other,Mon,2006
2006-11-02,118,stabbing,Thu,2006
2006-11-11,52,shooting,Sat,2006
2006-11-13,148,other,Mon,2006
2006-11-27,140,stabbing,Mon,2006
2006-11-30,121,stabbing,Thu,2006
2006-12-03,94,other,Sun,2006
2006-12-13,127,stabbing,Wed,2006
2006-12-17,45,other,Sun,2006
2006-12-22,115,other,Fri,2006
2006-12-23,54,shooting,Sat,2006
2006-12-27,138,stabbing,Wed,2006
2006-12-28,84,other,Thu,2006
2006-12-29,85,other,Fri,2006
2007-01-04,47,stabbing,Thu,2007
2007-01-15,114,shooting,Mon,2007
2007-01-26,68,shooting,Fri,2007
2007-01-29,128,stabbing,Mon,2007
2007-01-30,63,shooting,Tue,2007
2007-02-02,66,shooting,Fri,2007
2007-02-16,14,other,Fri,2007
2007-02-23,64,other,Fri,2007
2007-03-02,84,stabbing,Fri,2007
2007-03-10,41,shooting,Sat,2007
2007-03-11,155,shooting,Sun,2007
2007-03-14,142,shooting,Wed,2007
2007-03-24,35,shooting,Sat,2007
2007-03-26,153,shooting,Mon,2007
2007-03-31,70,other,Sat,2007
2007-04-05,33,shooting,Thu,2007
2007-04-09,50,other,Mon,2007
2007-04-10,36,other,Tue,2007
2007-04-12,86,stabbing,Thu,2007
2007-04-21,81,other,Sat,2007
2007-04-22,90,other,Sun,2007
2007-04-29,125,stabbing,Sun,2007
2007-05-03,57,stabbing,Thu,2007
2007-05-07,11,other,Mon,2007
2007-05-10,142,stabbing,Thu,2007
2007-05-15,30,other,Tue,2007
2007-05-20,140,stabbing,Sun,2007
2007-05-21,7,shooting,Mon,2007
2007-05-25,70,stabbing,Fri,2007
2007-06-01,112,other,Fri,2007
2007-06-02,76,stabbing,Sat,2007
2007-06-07,78,shooting,Thu,2007
2007-06-08,133,shooting,Fri,2007
2007-06-10,89,other,Sun,2007
2007-06-16,154,shooting,Sat,2007
2007-06-17,80,other,Sun,2007
2007-06-19,122,shooting,Tue,2007
2007-06-22,82,other,Fri,2007
2007-06-24,70,other,Sun,2007
2007-07-24,133,shooting,Tue,2007
2007-07-30,15,other,Mon,2007
2007-07-31,76,stabbing,Tue,2007
2007-08-02,103,stabbing,Thu,2007
2007-08-08,148,shooting,Wed,2007
2007-08-12,63,stabbing,Sun,2007
2007-08-21,83,other,Tue,2007
2007-08-28,46,shooting,Tue,2007
2007-09-12,81,shooting,Wed,2007
2007-09-13,92,stabbing,Thu,2007
2007-09-14,97,stabbing,Fri,2007
2007-09-15,51,shooting,Sat,2007
2007-09-16,6,shooting,Sun,2007
2007-09-18,36,stabbing,Tue,2007
2007-09-23,73,stabbing,Sun,2007
2007-09-28,19,other,Fri,2007
2007-09-30,137,shooting,Sun,2007
2007-10-01,36,stabbing,Mon,2007
2007-10-03,24,stabbing,Wed,2007
2007-10-10,129,stabbing,Wed,2007
2007-10-15,84,other,Mon,2007
2007-10-17,105,other,Wed,2007
2007-10-20,158,stabbing,Sat,2007
2007-10-30,157,shooting,Tue,2007
2007-11-03,150,shooting,Sat,2007
2007-11-09,59,shooting,Fri,2007
2007-11-14,11,shooting,Wed,2007
2007-11-15,158,shooting,Thu,2007
2007-11-26,55,other,Mon,2007
2007-12-11,132,shooting,Tue,2007
2007-12-13,128,other,Thu,2007
2007-12-17,83,stabbing,Mon,2007
2007-12-24,2,stabbing,Mon,2007
2007-12-30,4,shooting,Sun,2007
2008-01-03,24,shooting,Thu,2008
2008-01-04,107,shooting,Fri,2008
2008-01-07,56,shooting,Mon,2008
2008-01-11,125,shooting,Fri,2008
2008-01-21,20,stabbing,Mon,2008
2008-01-25,92,other,Fri,2008
2008-01-30,79,other,Wed,2008
2008-01-31,128,other,Thu,2008
2008-02-25,61,stabbing,Mon,2008
2008-02-28,16,other,Thu,2008
2008-03-01,52,other,Sat,2008
2008-03-05,63,shooting,Wed,2008
2008-03-06,79,stabbing,Thu,2008
2008-03-20,18,stabbing,Thu,2008
2008-03-26,54,stabbing,Wed,2008
2008-03-31,117,shooting,Mon,2008
2008-04-14,43,stabbing,Mon,2008
2008-04-15,143,shooting,Tue,2008
2008-04-17,30,other,Thu,2008
2008-04-20,153,stabbing,Sun,2008
2008-04-23,33,other,Wed,2008
2008-04-25,41,stabbing,Fri,2008
2008-04-30,102,stabbing,Wed,2008
2008-05-01,143,stabbing,Thu,2008
2008-05-02,109,stabbing,Fri,2008
2008-05-14,11,other,Wed,2008
2008-05-16,17,shooting,Fri,2008
2008-05-20,148,other,Tue,2008
2008-05-24,147,shooting,Sat,2008
2008-05-26,5,other,Mon,2008
2008-06-08,143,stabbing,Sun,2008
2008-06-09,43,shooting,Mon,2008
2008-06-10,14,shooting,Tue,2008
2008-06-15,35,stabbing,Sun,2008
2008-06-24,126,other,Tue,2008
2008-06-26,140,stabbing,Thu,2008
2008-06-28,84,shooting,Sat,2008
2008-07-07,65,stabbing,Mon,2008
2008-07-12,58,stabbing,Sat,2008
2008-07-14,50,other,Mon,2008
2008-07-16,90,stabbing,Wed,2008
2008-07-19,114,stabbing,Sat,2008
2008-07-30,47,stabbing,Wed,2008
2008-08-12,124,stabbing,Tue,2008
2008-08-18,33,shooting,Mon,2008
2008-08-26,52,stabbing,Tue,2008
2008-08-28,64,stabbing,Thu,2008
2008-09-02,35,other,Tue,2008
2008-09-07,37,other,Sun,2008
2008-09-08,8,other,Mon,2008
2008-09-15,8,stabbing,Mon,2008
2008-09-20,144,other,Sat,2008
2008-09-22,117,shooting,Mon,2008
2008-09-25,152,other,Thu,2008
2008-09-28,19,shooting,Sun,2008
2008-10-06,50,shooting,Mon,2008
2008-10-09,1,stabbing,Thu,2008
2008-10-10,72,stabbing,Fri,2008
2008-10-11,16,shooting,Sat,2008
2008-10-27,25,stabbing,Mon,2008
2008-10-28,51,stabbing,Tue,2008
2008-11-07,52,shooting,Fri,2008
2008-11-15,49,stabbing,Sat,2008
2008-11-19,126,shooting,Wed,2008
2008-11-20,158,shooting,Thu,2008
2008-11-26,77,other,Wed,2008
2008-12-05,39,stabbing,Fri,2008
2008-12-10,19,shooting,Wed,2008
2008-12-24,49,stabbing,Wed,2008
2008-12-27,123,stabbing,Sat,2008
2008-12-31,115,shooting,Wed,2008
2009-01-08,48,stabbing,Thu,2009
2009-01-19,126,stabbing,Mon,2009
2009-01-27,44,other,Tue,2009
2009-02-05,63,other,Thu,2009
2009-02-20,123,shooting,Fri,2009
2009-02-24,154,stabbing,Tue,2009
2009-02-27,135,other,Fri,2009
2009-03-01,94,other,Sun,2009
2009-03-13,74,stabbing,Fri,2009
2009-03-17,17,shooting,Tue,2009
2009-03-25,97,stabbing,Wed,2009
2009-03-30,130,other,Mon,2009
2009-03-31,117,other,Tue,2009
2009-04-03,97,other,Fri,2009
2009-04-11,102,other,Sat,2009
2009-04-16,93,shooting,Thu,2009
2009-04-17,49,shooting,Fri,2009
2009-04-18,37,shooting,Sat,2009
2009-04-19,8,stabbing,Sun,2009
2009-04-26,93,shooting,Sun,2009
2009-04-28,132,other,Tue,2009
2009-04-30,84,stabbing,Thu,2009
2009-05-04,112,other,Mon,2009
2009-05-13,64,stabbing,Wed,2009
2009-05-16,101,stabbing,Sat,2009
2009-05-21,127,other,Thu,2009
2009-05-30,68,stabbing,Sat,2009
2009-06-02,7,shooting,Tue,2009
2009-06-05,104,stabbing,Fri,2009
2009-06-08,143,shooting,Mon,2009
2009-06-14,105,shooting,Sun,2009
2009-06-16,127,stabbing,Tue,2009
2009-06-17,151,stabbing,Wed,2009
2009-06-23,127,other,Tue,2009
2009-06-24,42,other,Wed,2009
2009-06-25,119,shooting,Thu,2009
2009-06-30,98,shooting,Tue,2009
2009-07-01,129,shooting,Wed,2009
2009-07-08,86,stabbing,Wed,2009
2009-07-12,5,stabbing,Sun,2009
2009-07-16,3,other,Thu,2009
2009-07-17,149,shooting,Fri,2009
2009-07-27,104,other,Mon,2009
2009-08-03,147,shooting,Mon,2009
2009-08-09,15,shooting,Sun,2009
2009-08-10,92,stabbing,Mon,2009
2009-08-13,8,shooting,Thu,2009
2009-08-15,81,other,Sat,2009
2009-08-17,147,stabbing,Mon,2009
2009-08-22,34,other,Sat,2009
2009-08-26,39,other,Wed,2009
2009-08-27,11,shooting,Thu,2009
2009-09-01,13,stabbing,Tue,2009
2009-09-10,145,stabbing,Thu,2009
2009-09-11,131,stabbing,Fri,2009
2009-09-14,18,shooting,Mon,2009
2009-09-21,144,shooting,Mon,2009
2009-09-23,127,other,Wed,2009
2009-09-24,87,other,Thu,2009
2009-09-30,130,shooting,Wed,2009
2009-10-07,112,stabbing,Wed,2009
2009-10-18,99,shooting,Sun,2009
2009-10-26,121,shooting,Mon,2009
2009-10-31,29,other,Sat,2009
2009-11-02,153,stabbing,Mon,2009
2009-11-03,46,other,Tue,2009
2009-11-11,1,shooting,Wed,2009
2009-11-13,34,shooting,Fri,2009
2009-11-14,114,shooting,Sat,2009
2009-11-15,96,stabbing,Sun,2009
2009-11-23,75,other,Mon,2009
2009-12-01,129,other,Tue,2009
2009-12-06,41,other,Sun,2009
2009-12-10,66,other,Thu,2009
2009-12-12,16,stabbing,Sat,2009
2009-12-15,70,other,Tue,2009
2009-12-18,112,other,Fri,2009
2009-12-22,57,shooting,Tue,2009
2009-12-25,85,shooting,Fri,2009
2009-12-31,87,stabbing,Thu,2009
2010-01-08,105,stabbing,Fri,2010
2010-01-12,8,other,Tue,2010
2010-01-13,148,other,Wed,2010
2010-01-15,158,stabbing,Fri,2010
2010-01-21,129,shooting,Thu,2010
2010-01-22,79,other,Fri,2010
2010-01-24,133,shooting,Sun,2010
2010-01-25,48,other,Mon,2010
2010-02-01,16,stabbing,Mon,2010
2010-02-03,100,other,Wed,2010
2010-02-04,134,other,Thu,2010
2010-02-07,62,stabbing,Sun,2010
2010-02-16,50,stabbing,Tue,2010
2010-02-20,113,stabbing,Sat,2010
2010-03-08,128,stabbing,Mon,2010
2010-03-13,109,shooting,Sat,2010
2010-03-15,2,other,Mon,2010
2010-03-16,157,other,Tue,2010
2010-03-18,63,stabbing,Thu,2010
2010-03-23,16,stabbing,Tue,2010
2010-03-29,138,other,Mon,2010
2010-04-04,72,stabbing,Sun,2010
2010-04-06,100,stabbing,Tue,2010
2010-04-11,50,shooting,Sun,2010
2010-04-21,15,shooting,Wed,2010
2010-04-24,158,other,Sat,2010
2010-04-30,138,shooting,Fri,2010
2010-05-05,61,stabbing,Wed,2010
2010-05-16,75,stabbing,Sun,2010
2010-05-19,24,other,Wed,2010
2010-05-24,90,stabbing,Mon,2010
2010-05-25,145,shooting,Tue,2010
2010-05-30,93,stabbing,Sun,2010
2010-06-02,143,other,Wed,2010
2010-06-03,103,other,Thu,2010
2010-06-13,60,stabbing,Sun,2010
2010-06-14,141,shooting,Mon,2010
2010-07-06,122,shooting,Tue,2010
2010-07-09,46,shooting,Fri,2010
2010-07-13,68,shooting,Tue,2010
2010-07-16,8,other,Fri,2010
2010-07-19,120,shooting,Mon,2010
2010-08-09,109,other,Mon,2010
2010-08-10,139,shooting,Tue,2010
2010-08-12,83,stabbing,Thu,2010
2010-08-23,79,stabbing,Mon,2010
2010-08-29,75,shooting,Sun,2010
2010-08-31,7,shooting,Tue,2010
2010-09-02,46,stabbing,Thu,2010
2010-09-04,90,stabbing,Sat,2010
2010-09-08,150,other,Wed,2010
2010-09-09,119,stabbing,Thu,2010
2010-09-10,43,stabbing,Fri,2010
2010-09-13,54,stabbing,Mon,2010
2010-09-18,75,shooting,Sat,2010
2010-09-26,121,shooting,Sun,2010
2010-09-29,36,shooting,Wed,2010
2010-10-02,118,stabbing,Sat,2010
2010-10-03,150,stabbing,Sun,2010
2010-10-05,51,stabbing,Tue,2010
2010-10-06,157,stabbing,Wed,2010
2010-10-07,44,shooting,Thu,2010
2010-10-13,106,stabbing,Wed,2010
2010-10-21,45,stabbing,Thu,2010
2010-11-04,156,other,Thu,2010
2010-11-15,125,stabbing,Mon,2010
2010-11-17,123,other,Wed,2010
2010-11-28,47,stabbing,Sun,2010
2010-12-02,129,shooting,Thu,2010
2010-12-10,33,shooting,Fri,2010
2010-12-16,21,other,Thu,2010
2010-12-24,38,shooting,Fri,2010
2010-12-26,56,shooting,Sun,2010
2011-01-01,156,stabbing,Sat,2011
2011-01-10,68,shooting,Mon,2011
2011-01-12,103,stabbing,Wed,2011
2011-01-18,59,shooting,Tue,2011
2011-01-19,24,stabbing,Wed,2011
2011-01-20,11,other,Thu,2011
2011-01-21,66,shooting,Fri,2011
2011-01-25,59,stabbing,Tue,2011
2011-01-27,20,shooting,Thu,2011
2011-02-06,138,shooting,Sun,2011
2011-02-07,116,shooting,Mon,2011
2011-02-17,94,stabbing,Thu,2011
2011-02-18,7,shooting,Fri,2011
2011-02-20,85,other,Sun,2011
2011-02-25,15,stabbing,Fri,2011
2011-03-01,11,stabbing,Tue,2011
2011-03-06,150,other,Sun,2011
2011-03-12,150,stabbing,Sat,2011
2011-03-14,2,stabbing,Mon,2011
2011-03-19,158,shooting,Sat,2011
2011-03-20,18,stabbing,Sun,2011
2011-03-27,94,stabbing,Sun,2011
2011-03-28,20,stabbing,Mon,2011
2011-04-03,128,shooting,Sun,2011
2011-04-07,10,stabbing,Thu,2011
2011-04-12,146,stabbing,Tue,2011
2011-04-17,22,stabbing,Sun,2011
2011-04-23,154,other,Sat,2011
2011-04-24,141,stabbing,Sun,2011
2011-04-25,26,other,Mon,2011
2011-04-27,54,shooting,Wed,2011
2011-04-28,134,shooting,Thu,2011
2011-04-29,104,other,Fri,2011
2011-05-12,67,other,Thu,2011
2011-05-16,51,stabbing,Mon,2011
2011-05-20,137,shooting,Fri,2011
2011-05-26,18,shooting,Thu,2011
2011-06-07,112,shooting,Tue,2011
2011-06-14,33,shooting,Tue,2011
2011-06-20,146,stabbing,Mon,2011
2011-06-21,32,shooting,Tue,2011
2011-06-22,142,stabbing,Wed,2011
2011-07-04,19,shooting,Mon,2011
2011-07-05,50,stabbing,Tue,2011
2011-07-06,40,other,Wed,2011
2011-07-09,117,other,Sat,2011
2011-07-10,42,stabbing,Sun,2011
2011-07-11,157,stabbing,Mon,2011
2011-07-14,20,shooting,Thu,2011
2011-07-15,115,stabbing,Fri,2011
2011-07-19,79,shooting,Tue,2011
2011-08-02,102,other,Tue,2011
2011-08-09,118,stabbing,Tue,2011
2011-08-10,42,stabbing,Wed,2011
2011-08-14,153,stabbing,Sun,2011
2011-08-19,69,other,Fri,2011
2011-08-22,124,stabbing,Mon,2011
2011-09-01,126,shooting,Thu,2011
2011-09-04,104,other,Sun,2011
2011-09-16,122,other,Fri,2011
2011-09-17,21,other,Sat,2011
2011-09-25,81,shooting,Sun,2011
2011-10-20,119,other,Thu,2011
2011-10-24,110,other,Mon,2011
2011-11-02,23,shooting,Wed,2011
2011-11-08,144,stabbing,Tue,2011
2011-11-11,158,other,Fri,2011
2011-11-12,99,stabbing,Sat,2011
2011-11-13,106,other,Sun,2011
2011-11-27,108,stabbing,Sun,2011
2011-11-30,157,shooting,Wed,2011
2011-12-02,33,shooting,Fri,2011
2011-12-03,26,stabbing,Sat,2011
2011-12-04,2,shooting,Sun,2011
2011-12-09,8,stabbing,Fri,2011
2011-12-30,73,shooting,Fri,2011
2012-01-04,117,stabbing,Wed,2012
2012-01-10,139,other,Tue,2012
2012-01-12,110,other,Thu,2012
2012-01-21,97,shooting,Sat,2012
2012-01-22,74,other,Sun,2012
2012-01-23,93,other,Mon,2012
2012-01-27,13,shooting,Fri,2012
2012-01-29,105,shooting,Sun,2012
2012-02-01,81,stabbing,Wed,2012
2012-02-04,63,shooting,Sat,2012
2012-02-07,40,shooting,Tue,2012
2012-02-09,133,stabbing,Thu,2012
2012-02-13,109,shooting,Mon,2012
2012-02-15,34,other,Wed,2012
2012-02-21,95,shooting,Tue,2012
2012-02-25,47,other,Sat,2012
2012-02-27,157,stabbing,Mon,2012
2012-03-01,84,shooting,Thu,2012
2012-03-02,58,other,Fri,2012
2012-03-07,69,other,Wed,2012
2012-03-14,29,other,Wed,2012
2012-03-16,154,stabbing,Fri,2012
2012-03-23,57,other,Fri,2012
2012-04-01,65,other,Sun,2012
2012-04-02,79,shooting,Mon,2012
2012-04-03,80,other,Tue,2012
2012-04-07,138,other,Sat,2012
2012-04-10,20,other,Tue,2012
2012-04-25,6,stabbing,Wed,2012
2012-04-29,98,other,Sun,2012
2012-05-01,43,stabbing,Tue,2012
2012-05-09,58,other,Wed,2012
2012-05-11,136,shooting,Fri,2012
2012-05-12,144,other,Sat,2012
2012-05-19,5,stabbing,Sat,2012
2012-05-21,110,stabbing,Mon,2012
2012-06-08,62,stabbing,Fri,2012
2012-06-16,63,shooting,Sat,2012
2012-06-20,81,stabbing,Wed,2012
2012-06-23,114,other,Sat,2012
2012-06-24,20,stabbing,Sun,2012
2012-06-26,28,shooting,Tue,2012
2012-07-01,67,shooting,Sun,2012
2012-07-04,23,shooting,Wed,2012
2012-07-07,66,stabbing,Sat,2012
2012-07-08,145,other,Sun,2012
2012-07-11,68,stabbing,Wed,2012
2012-07-13,142,shooting,Fri,2012
2012-07-27,7,stabbing,Fri,2012
2012-08-01,115,stabbing,Wed,2012
2012-08-11,100,other,Sat,2012
2012-08-14,94,other,Tue,2012
2012-08-21,29,other,Tue,2012
2012-08-23,88,shooting,Thu,2012
2012-08-30,37,shooting,Thu,2012
2012-09-04,150,shooting,Tue,2012
2012-09-06,73,stabbing,Thu,2012
2012-09-10,154,shooting,Mon,2012
2012-09-12,138,stabbing,Wed,2012
2012-09-15,104,stabbing,Sat,2012
2012-09-21,68,shooting,Fri,2012
2012-10-01,154,shooting,Mon,2012
2012-10-13,73,other,Sat,2012
2012-10-16,16,other,Tue,2012
2012-10-24,89,stabbing,Wed,2012
2012-10-26,108,stabbing,Fri,2012
2012-11-04,155,stabbing,Sun,2012
2012-11-25,125,stabbing,Sun,2012
2012-11-29,101,shooting,Thu,2012
2012-12-04,73,stabbing,Tue,2012
2012-12-08,148,stabbing,Sat,2012
2012-12-20,67,other,Thu,2012
2012-12-24,146,other,Mon,2012
2012-12-25,97,stabbing,Tue,2012
2012-12-31,70,other,Mon,2012
2013-01-04,50,shooting,Fri,2013
2013-01-05,79,shooting,Sat,2013
2013-01-06,109,shooting,Sun,2013
2013-01-07,57,stabbing,Mon,2013
2013-01-08,25,shooting,Tue,2013
2013-01-10,75,shooting,Thu,2013
2013-01-13,15,shooting,Sun,2013
2013-01-23,24,shooting,Wed,2013
2013-01-30,111,stabbing,Wed,2013
2013-01-31,1,stabbing,Thu,2013
2013-02-08,122,stabbing,Fri,2013
2013-02-13,22,stabbing,Wed,2013
2013-02-17,39,other,Sun,2013
2013-03-05,150,stabbing,Tue,2013
2013-03-28,99,shooting,Thu,2013
2013-03-30,1,other,Sat,2013
2013-04-05,64,other,Fri,2013
2013-04-06,141,other,Sat,2013
2013-04-07,51,stabbing,Sun,2013
2013-04-08,64,stabbing,Mon,2013
2013-04-10,9,shooting,Wed,2013
2013-04-27,87,shooting,Sat,2013
2013-05-03,94,stabbing,Fri,2013
2013-05-12,121,stabbing,Sun,2013
2013-05-13,133,other,Mon,2013
2013-05-17,62,other,Fri,2013
2013-05-18,78,other,Sat,2013
2013-05-27,91,other,Mon,2013
2013-06-01,135,stabbing,Sat,2013
2013-06-07,4,shooting,Fri,2013
2013-06-08,25,shooting,Sat,2013
2013-06-12,104,stabbing,Wed,2013
2013-06-14,17,stabbing,Fri,2013
2013-06-16,58,shooting,Sun,2013
2013-06-18,142,other,Tue,2013
2013-06-21,29,other,Fri,2013
2013-06-24,14,other,Mon,2013
2013-06-25,32,shooting,Tue,2013
2013-06-30,26,shooting,Sun,2013
2013-07-01,120,other,Mon,2013
2013-07-22,87,other,Mon,2013
2013-07-23,48,stabbing,Tue,2013
2013-07-24,118,other,Wed,2013
2013-07-31,152,other,Wed,2013
2013-08-07,103,stabbing,Wed,2013
2013-08-08,22,shooting,Thu,2013
2013-08-12,7,shooting,Mon,2013
2013-08-16,98,other,Fri,2013
2013-08-20,23,shooting,Tue,2013
2013-08-21,70,other,Wed,2013
2013-08-23,69,stabbing,Fri,2013
2013-08-31,21,shooting,Sat,2013
2013-09-07,5,other,Sat,2013
2013-09-09,152,stabbing,Mon,2013
2013-09-18,47,shooting,Wed,2013
2013-09-27,65,other,Fri,2013
2013-10-06,18,stabbing,Sun,2013
2013-10-16,32,stabbing,Wed,2013
2013-10-17,2,stabbing,Thu,2013
2013-10-19,27,stabbing,Sat,2013
2013-10-22,135,other,Tue,2013
2013-10-26,31,other,Sat,2013
2013-10-29,120,shooting,Tue,2013
2013-11-07,130,shooting,Thu,2013
2013-11-09,66,other,Sat,2013
2013-11-24,114,stabbing,Sun,2013
2013-11-27,141,shooting,Wed,2013
2013-12-06,105,stabbing,Fri,2013
2013-12-19,41,shooting,Thu,2013
2013-12-20,51,stabbing,Fri,2013
2013-12-25,112,shooting,Wed,2013
2013-12-30,121,shooting,Mon,2013
2013-12-31,121,shooting,Tue,2013
2014-01-12,5,shooting,Sun,2014
2014-01-14,35,other,Tue,2014
2014-01-20,21,stabbing,Mon,2014
2014-01-26,97,other,Sun,2014
2014-01-27,41,other,Mon,2014
2014-01-30,14,other,Thu,2014
2014-02-02,105,other,Sun,2014
2014-02-07,21,shooting,Fri,2014
2014-02-11,57,stabbing,Tue,2014
2014-02-12,101,shooting,Wed,2014
2014-02-15,69,other,Sat,2014
2014-02-16,52,shooting,Sun,2014
2014-02-17,128,stabbing,Mon,2014
2014-02-18,55,shooting,Tue,2014
2014-02-20,155,shooting,Thu,2014
2014-03-07,136,stabbing,Fri,2014
2014-03-13,31,stabbing,Thu,2014
2014-03-16,97,stabbing,Sun,2014
2014-03-18,48,other,Tue,2014
2014-03-21,155,stabbing,Fri,2014
2014-03-22,40,shooting,Sat,2014
2014-03-26,32,stabbing,Wed,2014
2014-03-28,55,stabbing,Fri,2014
2014-03-30,45,shooting,Sun,2014
2014-04-01,60,stabbing,Tue,2014
2014-04-05,114,other,Sat,2014
2014-04-11,37,stabbing,Fri,2014
2014-04-12,16,other,Sat,2014
2014-04-15,139,other,Tue,2014
2014-04-17,137,stabbing,Thu,2014
2014-04-20,95,stabbing,Sun,2014
2014-05-01,150,other,Thu,2014
2014-05-02,15,other,Fri,2014
2014-05-05,104,shooting,Mon,2014
2014-05-08,74,other,Thu,2014
2014-05-09,68,stabbing,Fri,2014
2014-05-11,93,stabbing,Sun,2014
2014-05-13,154,stabbing,Tue,2014
2014-05-18,148,other,Sun,2014
2014-06-07,138,shooting,Sat,2014
2014-06-10,130,other,Tue,2014
2014-06-11,87,shooting,Wed,2014
2014-06-13,112,other,Fri,2014
2014-06-19,154,shooting,Thu,2014
2014-06-28,98,other,Sat,2014
2014-07-01,97,stabbing,Tue,2014
2014-07-04,24,other,Fri,2014
2014-07-07,90,shooting,Mon,2014
2014-07-11,92,stabbing,Fri,2014
2014-07-20,17,shooting,Sun,2014
2014-07-22,49,shooting,Tue,2014
2014-07-24,117,stabbing,Thu,2014
2014-08-02,69,stabbing,Sat,2014
2014-08-06,2,other,Wed,2014
2014-08-11,59,other,Mon,2014
2014-08-12,113,stabbing,Tue,2014
2014-08-14,25,shooting,Thu,2014
2014-08-17,50,stabbing,Sun,2014
2014-08-29,112,shooting,Fri,2014
2014-09-02,64,other,Tue,2014
2014-09-06,79,other,Sat,2014
2014-09-18,60,shooting,Thu,2014
2014-09-22,52,other,Mon,2014
2014-09-25,72,other,Thu,2014
2014-09-28,55,shooting,Sun,2014
2014-10-03,83,stabbing,Fri,2014
2014-10-08,123,stabbing,Wed,2014
2014-10-09,119,shooting,Thu,2014
2014-10-12,84,stabbing,Sun,2014
2014-10-16,14,shooting,Thu,2014
2014-10-23,111,stabbing,Thu,2014
2014-10-28,97,shooting,Tue,2014
2014-10-29,134,other,Wed,2014
2014-11-03,125,shooting,Mon,2014
2014-11-09,75,other,Sun,2014
2014-11-10,56,shooting,Mon,2014
2014-11-11,13,other,Tue,2014
2014-11-13,88,shooting,Thu,2014
2014-11-24,46,shooting,Mon,2014
2014-11-27,37,shooting,Thu,2014
2014-12-02,70,shooting,Tue,2014
2014-12-09,33,shooting,Tue,2014
2014-12-19,52,stabbing,Fri,2014
2014-12-21,132,shooting,Sun,2014
2014-12-26,87,other,Fri,2014
2015-01-15,67,other,Thu,2015
2015-01-28,155,shooting,Wed,2015
2015-01-30,124,shooting,Fri,2015
2015-02-09,106,shooting,Mon,2015
2015-02-10,44,stabbing,Tue,2015
2015-02-12,9,other,Thu,2015
2015-02-20,129,shooting,Fri,2015
2015-02-25,12,shooting,Wed,2015
2015-03-05,23,stabbing,Thu,2015
2015-03-08,77,shooting,Sun,2015
2015-03-17,7,stabbing,Tue,2015
2015-03-22,43,stabbing,Sun,2015
2015-03-25,129,stabbing,Wed,2015
2015-04-15,87,other,Wed,2015
2015-04-22,42,stabbing,Wed,2015
2015-04-28,102,other,Tue,2015
2015-04-29,122,shooting,Wed,2015
2015-05-06,64,other,Wed,2015
2015-05-12,105,shooting,Tue,2015
2015-05-13,114,stabbing,Wed,2015
2015-05-14,142,shooting,Thu,2015
2015-05-17,107,stabbing,Sun,2015
2015-05-23,93,stabbing,Sat,2015
2015-05-24,151,other,Sun,2015
2015-05-25,135,stabbing,Mon,2015
2015-06-02,119,shooting,Tue,2015
2015-06-04,58,other,Thu,2015
2015-06-05,130,other,Fri,2015
2015-06-08,105,shooting,Mon,2015
2015-06-09,11,stabbing,Tue,2015
2015-06-11,115,other,Thu,2015
2015-06-16,86,stabbing,Tue,2015
2015-06-19,70,shooting,Fri,2015
2015-06-24,110,shooting,Wed,2015
2015-06-27,17,other,Sat,2015
2015-07-03,112,shooting,Fri,2015
2015-07-11,4,shooting,Sat,2015
2015-07-12,96,shooting,Sun,2015
2015-07-26,125,other,Sun,2015
2015-08-08,132,other,Sat,2015
2015-08-14,156,shooting,Fri,2015
2015-08-16,145,stabbing,Sun,2015
2015-08-18,50,other,Tue,2015
2015-09-08,6,shooting,Tue,2015
2015-09-14,93,other,Mon,2015
2015-09-15,33,other,Tue,2015
2015-09-18,150,stabbing,Fri,2015
2015-09-19,141,other,Sat,2015
2015-09-22,51,other,Tue,2015
2015-09-24,8,other,Thu,2015
2015-10-03,96,shooting,Sat,2015
2015-10-05,17,other,Mon,2015
2015-10-06,57,shooting,Tue,2015
2015-10-19,112,stabbing,Mon,2015
2015-10-22,49,stabbing,Thu,2015
2015-10-23,42,other,Fri,2015
2015-10-24,99,stabbing,Sat,2015
2015-11-03,22,stabbing,Tue,2015
2015-11-18,4,other,Wed,2015
2015-11-21,23,other,Sat,2015
2015-11-25,27,shooting,Wed,2015
2015-11-27,40,shooting,Fri,2015
2015-12-10,105,stabbing,Thu,2015
2015-12-19,5,other,Sat,2015
2015-12-21,154,other,Mon,2015
2015-12-26,82,stabbing,Sat,2015
2016-01-12,103,shooting,Tue,2016
2016-01-13,22,other,Wed,2016
2016-01-21,152,stabbing,Thu,2016
2016-02-03,117,shooting,Wed,2016
2016-02-04,117,stabbing,Thu,2016
2016-02-14,24,stabbing,Sun,2016
2016-02-18,22,stabbing,Thu,2016
2016-02-20,103,stabbing,Sat,2016
2016-02-21,66,shooting,Sun,2016
2016-02-24,104,shooting,Wed,2016
2016-02-28,22,stabbing,Sun,2016
2016-03-03,137,shooting,Thu,2016
2016-03-04,54,shooting,Fri,2016
2016-03-06,85,shooting,Sun,2016
2016-03-16,125,stabbing,Wed,2016
2016-03-17,48,other,Thu,2016
2016-03-18,120,stabbing,Fri,2016
2016-03-21,116,stabbing,Mon,2016
2016-04-05,151,stabbing,Tue,2016
2016-04-15,2,stabbing,Fri,2016
2016-04-17,58,stabbing,Sun,2016
2016-04-18,77,shooting,Mon,2016
2016-04-22,146,shooting,Fri,2016
2016-04-25,5,stabbing,Mon,2016
2016-04-27,91,stabbing,Wed,2016
2016-05-01,131,shooting,Sun,2016
2016-05-03,111,other,Tue,2016
2016-05-08,55,stabbing,Sun,2016
2016-05-09,41,other,Mon,2016
2016-05-12,26,other,Thu,2016
2016-05-13,155,shooting,Fri,2016
2016-05-14,122,stabbing,Sat,2016
2016-05-19,142,other,Thu,2016
2016-05-22,86,shooting,Sun,2016
2016-05-23,5,shooting,Mon,2016
2016-05-31,101,shooting,Tue,2016
2016-06-02,87,shooting,Thu,2016
2016-06-03,81,stabbing,Fri,2016
2016-06-09,147,stabbing,Thu,2016
2016-06-12,10,stabbing,Sun,2016
2016-06-19,86,other,Sun,2016
2016-06-21,142,stabbing,Tue,2016
2016-06-25,85,other,Sat,2016
2016-06-26,43,other,Sun,2016
2016-06-29,24,stabbing,Wed,2016
2016-06-30,148,stabbing,Thu,2016
2016-07-15,87,shooting,Fri,2016
2016-07-16,153,stabbing,Sat,2016
2016-07-27,73,other,Wed,2016
2016-07-31,134,stabbing,Sun,2016
2016-08-02,22,stabbing,Tue,2016
2016-08-10,3,other,Wed,2016
2016-08-14,95,stabbing,Sun,2016
2016-08-23,48,shooting,Tue,2016
2016-08-31,95,other,Wed,2016
2016-09-02,27,stabbing,Fri,2016
2016-09-12,85,other,Mon,2016
2016-09-14,79,other,Wed,2016
2016-09-15,67,stabbing,Thu,2016
2016-09-16,10,shooting,Fri,2016
2016-09-19,1,stabbing,Mon,2016
2016-09-24,144,stabbing,Sat,2016
2016-09-25,51,shooting,Sun,2016
2016-10-01,108,stabbing,Sat,2016
2016-10-07,115,shooting,Fri,2016
2016-10-10,68,other,Mon,2016
2016-10-17,5,other,Mon,2016
2016-10-19,74,other,Wed,2016
2016-10-25,17,shooting,Tue,2016
2016-10-28,122,stabbing,Fri,2016
2016-11-04,33,other,Fri,2016
2016-11-09,133,stabbing,Wed,2016
2016-11-11,8,shooting,Fri,2016
2016-11-13,92,shooting,Sun,2016
2016-11-19,127,stabbing,Sat,2016
2016-11-24,87,other,Thu,2016
2016-11-28,47,shooting,Mon,2016
2016-12-11,65,stabbing,Sun,2016
2016-12-30,104,other,Fri,2016
2017-01-10,6,other,Tue,2017
2017-01-12,88,shooting,Thu,2017
2017-01-14,76,other,Sat,2017
2017-01-16,14,other,Mon,2017
2017-01-17,96,other,Tue,2017
2017-01-27,59,other,Fri,2017
2017-02-11,150,shooting,Sat,2017
2017-02-16,132,shooting,Thu,2017
2017-02-24,47,shooting,Fri,2017
2017-02-28,147,stabbing,Tue,2017
2017-03-04,44,other,Sat,2017
2017-03-05,154,shooting,Sun,2017
2017-03-06,44,stabbing,Mon,2017
2017-03-07,63,other,Tue,2017
2017-03-12,104,other,Sun,2017
2017-03-13,77,other,Mon,2017
2017-03-20,62,stabbing,Mon,2017
2017-03-21,46,stabbing,Tue,2017
2017-03-23,151,stabbing,Thu,2017
2017-03-25,113,other,Sat,2017
2017-03-26,56,shooting,Sun,2017
2017-03-28,135,other,Tue,2017
2017-04-02,145,other,Sun,2017
2017-04-05,38,other,Wed,2017
2017-04-15,52,other,Sat,2017
2017-04-17,54,stabbing,Mon,2017
2017-04-18,89,other,Tue,2017
2017-04-22,136,other,Sat,2017
2017-04-25,146,stabbing,Tue,2017
2017-05-05,33,shooting,Fri,2017
2017-05-08,70,shooting,Mon,2017
2017-05-10,120,other,Wed,2017
2017-05-19,156,stabbing,Fri,2017
2017-05-29,100,shooting,Mon,2017
2017-05-31,110,shooting,Wed,2017
2017-06-19,126,shooting,Mon,2017
2017-06-22,35,stabbing,Thu,2017
2017-06-25,86,other,Sun,2017
2017-06-28,139,stabbing,Wed,2017
2017-07-08,129,stabbing,Sat,2017
2017-07-11,20,stabbing,Tue,2017
2017-07-12,157,shooting,Wed,2017
2017-07-14,80,stabbing,Fri,2017
2017-07-19,139,stabbing,Wed,2017
2017-07-22,143,stabbing,Sat,2017
2017-07-30,149,shooting,Sun,2017
2017-08-06,156,shooting,Sun,2017
2017-08-09,66,stabbing,Wed,2017
2017-08-18,37,other,Fri,2017
2017-08-21,59,other,Mon,2017
2017-08-28,102,other,Mon,2017
2017-08-31,110,stabbing,Thu,2017
2017-09-04,106,stabbing,Mon,2017
2017-09-08,9,other,Fri,2017
2017-09-14,121,other,Thu,2017
2017-09-25,53,other,Mon,2017
2017-10-16,105,other,Mon,2017
2017-10-20,110,stabbing,Fri,2017
2017-10-27,81,shooting,Fri,2017
2017-11-03,77,other,Fri,2017
2017-11-06,41,shooting,Mon,2017
2017-11-14,23,stabbing,Tue,2017
2017-11-23,48,shooting,Thu,2017
2017-11-27,152,stabbing,Mon,2017
2017-11-28,50,other,Tue,2017
2017-12-02,126,shooting,Sat,2017
2017-12-06,130,stabbing,Wed,2017
2017-12-13,124,stabbing,Wed,2017
2017-12-16,75,other,Sat,2017
2017-12-17,98,other,Sun,2017
2017-12-24,38,stabbing,Sun,2017
2017-12-28,90,other,Thu,2017
2017-12-29,81,stabbing,Fri,2017
2017-12-31,14,other,Sun,2017
2018-01-07,98,shooting,Sun,2018
2018-02-01,16,other,Thu,2018
2018-02-03,62,stabbing,Sat,2018
2018-02-07,112,shooting,Wed,2018
2018-02-13,146,other,Tue,2018
2018-02-21,6,other,Wed,2018
2018-02-28,131,shooting,Wed,2018
2018-03-02,104,stabbing,Fri,2018
2018-03-10,120,other,Sat,2018
2018-03-11,19,other,Sun,2018
2018-03-15,49,stabbing,Thu,2018
2018-03-24,105,stabbing,Sat,2018
2018-03-30,89,stabbing,Fri,2018
2018-03-31,74,shooting,Sat,2018
2018-04-01,5,other,Sun,2018
2018-04-05,47,other,Thu,2018
2018-04-11,18,other,Wed,2018
2018-04-17,102,other,Tue,2018
2018-04-23,97,stabbing,Mon,2018
2018-04-30,152,stabbing,Mon,2018
2018-05-01,33,other,Tue,2018
2018-05-05,120,stabbing,Sat,2018
2018-05-06,90,other,Sun,2018
2018-05-08,145,stabbing,Tue,2018
2018-05-13,11,other,Sun,2018
2018-05-28,50,stabbing,Mon,2018
2018-05-30,19,stabbing,Wed,2018
2018-05-31,121,stabbing,Thu,2018
2018-06-01,155,stabbing,Fri,2018
2018-06-11,16,stabbing,Mon,2018
2018-06-13,63,shooting,Wed,2018
2018-06-15,13,stabbing,Fri,2018
2018-06-16,35,stabbing,Sat,2018
2018-06-22,132,other,Fri,2018
2018-06-29,6,other,Fri,2018
2018-06-30,66,shooting,Sat,2018
2018-07-08,151,shooting,Sun,2018
2018-08-03,84,other,Fri,2018
2018-08-13,145,other,Mon,2018
2018-08-14,26,shooting,Tue,2018
2018-08-17,125,other,Fri,2018
2018-08-19,32,stabbing,Sun,2018
2018-08-21,82,other,Tue,2018
2018-08-24,95,other,Fri,2018
2018-09-01,136,stabbing,Sat,2018
2018-09-10,27,stabbing,Mon,2018
2018-09-14,148,other,Fri,2018
2018-09-15,1,other,Sat,2018
2018-09-18,127,stabbing,Tue,2018
2018-09-20,141,stabbing,Thu,2018
2018-10-06,52,stabbing,Sat,2018
2018-10-14,2,stabbing,Sun,2018
2018-10-18,25,shooting,Thu,2018
2018-10-21,102,stabbing,Sun,2018
2018-10-22,6,other,Mon,2018
2018-10-30,136,shooting,Tue,2018
2018-11-05,138,stabbing,Mon,2018
2018-11-12,128,stabbing,Mon,2018
2018-11-27,30,shooting,Tue,2018
2018-11-30,18,shooting,Fri,2018
2018-12-01,10,shooting,Sat,2018
2018-12-10,67,other,Mon,2018
2018-12-11,51,shooting,Tue,2018
2018-12-16,94,other,Sun,2018
2018-12-20,81,other,Thu,2018
2018-12-24,132,other,Mon,2018
2018-12-26,149,other,Wed,2018
2019-01-10,40,shooting,Thu,2019
2019-01-16,147,shooting,Wed,2019
2019-01-22,57,shooting,Tue,2019
2019-01-24,39,shooting,Thu,2019
2019-01-29,85,shooting,Tue,2019
2019-02-03,42,other,Sun,2019
2019-02-09,125,shooting,Sat,2019
2019-02-15,91,other,Fri,2019
2019-02-19,79,shooting,Tue,2019
2019-03-05,133,shooting,Tue,2019
2019-03-08,123,other,Fri,2019
2019-03-10,9,shooting,Sun,2019
2019-03-18,154,other,Mon,2019
2019-03-30,156,other,Sat,2019
2019-04-06,104,stabbing,Sat,2019
2019-05-03,109,stabbing,Fri,2019
2019-05-04,153,stabbing,Sat,2019
2019-05-05,156,other,Sun,2019
2019-05-06,26,stabbing,Mon,2019
2019-05-15,21,stabbing,Wed,2019
2019-05-25,40,stabbing,Sat,2019
2019-05-29,154,shooting,Wed,2019
2019-06-01,158,stabbing,Sat,2019
2019-06-07,49,shooting,Fri,2019
2019-06-10,128,shooting,Mon,2019
2019-06-13,128,shooting,Thu,2019
2019-06-17,147,shooting,Mon,2019
2019-06-20,90,shooting,Thu,2019
2019-06-26,86,other,Wed,2019
2019-07-01,103,stabbing,Mon,2019
2019-07-02,59,stabbing,Tue,2019
2019-07-04,23,shooting,Thu,2019
2019-07-05,127,stabbing,Fri,2019
2019-07-12,146,other,Fri,2019
2019-07-14,100,stabbing,Sun,2019
2019-07-20,114,other,Sat,2019
2019-07-21,108,other,Sun,2019
2019-07-22,105,other,Mon,2019
2019-07-26,103,stabbing,Fri,2019
2019-07-28,111,shooting,Sun,2019
2019-08-08,17,stabbing,Thu,2019
2019-08-09,32,shooting,Fri,2019
2019-09-03,36,stabbing,Tue,2019
2019-09-06,12,other,Fri,2019
2019-09-17,45,other,Tue,2019
2019-09-24,57,other,Tue,2019
2019-09-25,35,other,Wed,2019
2019-09-28,38,other,Sat,2019
2019-10-02,28,shooting,Wed,2019
2019-10-07,140,stabbing,Mon,2019
2019-10-09,78,shooting,Wed,2019
2019-10-30,158,stabbing,Wed,2019
2019-11-02,63,shooting,Sat,2019
2019-11-04,107,other,Mon,2019
2019-11-07,47,shooting,Thu,2019
2019-11-11,80,other,Mon,2019
2019-11-15,78,other,Fri,2019
2019-11-16,51,stabbing,Sat,2019
2019-11-18,29,stabbing,Mon,2019
2019-11-20,22,other,Wed,2019
2019-12-01,2,stabbing,Sun,2019
2019-12-04,96,stabbing,Wed,2019
2019-12-05,105,shooting,Thu,2019
2019-12-06,19,shooting,Fri,2019
2019-12-16,37,other,Mon,2019
2019-12-24,88,shooting,Tue,2019
2019-12-25,133,other,Wed,2019
2019-12-30,29,stabbing,Mon,2019
2020-01-08,111,shooting,Wed,2020
2020-01-09,32,shooting,Thu,2020
2020-01-13,107,shooting,Mon,2020
2020-01-14,22,stabbing,Tue,2020
2020-01-15,43,stabbing,Wed,2020
2020-01-19,73,shooting,Sun,2020
2020-01-21,67,shooting,Tue,2020
2020-01-27,60,other,Mon,2020
2020-01-31,32,stabbing,Fri,2020
2020-03-14,129,stabbing,Sat,2020
2020-03-25,122,other,Wed,2020
2020-03-27,99,shooting,Fri,2020
2020-03-29,102,other,Sun,2020
2020-03-30,134,other,Mon,2020
2020-04-12,38,shooting,Sun,2020
2020-04-13,116,other,Mon,2020
2020-04-19,67,other,Sun,2020
2020-04-26,78,shooting,Sun,2020
2020-05-09,91,shooting,Sat,2020
2020-05-11,28,other,Mon,2020
2020-05-18,79,other,Mon,2020
2020-05-23,10,shooting,Sat,2020
2020-05-25,44,other,Mon,2020
2020-05-27,77,other,Wed,2020
2020-06-09,28,other,Tue,2020
2020-06-14,70,other,Sun,2020
2020-06-29,36,shooting,Mon,2020
2020-07-18,112,other,Sat,2020
2020-07-22,44,other,Wed,2020
2020-07-23,146,other,Thu,2020
2020-07-27,24,shooting,Mon,2020
2020-07-29,14,stabbing,Wed,2020
2020-08-06,18,other,Thu,2020
2020-08-10,65,shooting,Mon,2020
2020-08-16,1,stabbing,Sun,2020
2020-08-21,39,stabbing,Fri,2020
2020-08-23,85,shooting,Sun,2020
2020-09-03,57,stabbing,Thu,2020
2020-09-10,3,other,Thu,2020
2020-09-11,14,shooting,Fri,2020
2020-09-12,14,other,Sat,2020
2020-09-14,36,other,Mon,2020
2020-09-19,107,shooting,Sat,2020
2020-09-29,23,other,Tue,2020
2020-10-05,103,shooting,Mon,2020
2020-10-13,137,other,Tue,2020
2020-10-14,142,stabbing,Wed,2020
2020-10-27,157,shooting,Tue,2020
2020-10-30,109,other,Fri,2020
2020-11-11,1,stabbing,Wed,2020
2020-11-24,8,stabbing,Tue,2020
2020-11-28,126,shooting,Sat,2020
2020-12-02,115,stabbing,Wed,2020
2020-12-06,130,shooting,Sun,2020
2020-12-24,10,shooting,Thu,2020
2020-12-27,153,other,Sun,2020
2020-12-28,42,other,Mon,2020
